Workbook

Sheet Carta control
D1: FORMATO | AA1: Código | AC1: F-PG-TR-LA-17-39
D2: CARTA DE CONTROL | AA2: Versión | AC2: 1
B4: CARTA DE CONTROL DE:
B6: NRO. | D6: 1 | E6: =D6+1 -> 2 | F6: =E6+1 -> 3 | G6: =F6+1 -> 4 | H6: =G6+1 -> 5 | I6: =H6+1 -> 6 | J6: =I6+1 -> 7 | K6: =J6+1 -> 8 | L6: =K6+1 -> 9 | ... AG6: =AF6+1 -> 30
B7: PATRON HC14669855 | D7: 24.4 | E7: 24.2 | F7: 24.3 | G7: 23.9 | H7: 24.1 | I7: 24.4 | J7: 24.2 | K7: 24.3 | L7: 23.9 | M7: 24.1 | N7: 24.4 | O7: 24.2 | P7: 24.3 | Q7: 23.9 | R7: 24.1
AH19: LCS | AI19: =+'LIMITES '!G3 -> 24.167581
AH24: LAS | AI24: =+'LIMITES '!F3 -> 23.678387
AH32: LC | AI32: =+'LIMITES '!E3 -> 22.7
AH41: LAI | AI41: =+'LIMITES '!D3 -> 21.721613
AH45: LCI | AI45: =+'LIMITES '!C3 -> 21.232419

Sheet Carta control Temp (2)
I2: CARTA DE CONTROL: | P2: TEMPERATURA | U2: x | V2: HUMEDAD
B4: ÁREA: | E4: Lab. Ambiental-Suelos | S4: CÓDIGO DE EQUIPO DE MEDICIÓN: | AA4: TH-01
B6: NRO. | D6: 1 | E6: =D6+1 -> 2 | F6: =E6+1 -> 3 | G6: =F6+1 -> 4 | H6: =G6+1 -> 5 | I6: =H6+1 -> 6 | J6: =I6+1 -> 7 | K6: =J6+1 -> 8 | L6: =K6+1 -> 9 | ... AG6: =AF6+1 -> 30
B7: TCV (ºC) | D7: 20 | E7: 21.5 | F7: 22.6 | G7: 23.5 | H7: 19.8 | I7: 20.4 | J7: 22.5 | K7: 23.5 | L7: 22.2 | M7: 20.9 | N7: 19.5 | O7: 20.7 | P7: 21.8 | Q7: 21.8 | R7: 22.5 | S7: 22.5 | T7: 22.7 | U7: 21.9 | V7: 22.8 | W7: 22.6 | X7: 23.5 | Y7: 21.8 | Z7: 22.8 | AA7: 22.9 | AB7: 19.7 | AC7: 19.9 | AD7: 20.4 | AE7: 19.9 | AF7: 22.7 | AG7: 22.9
B8: Fecha

Sheet LIMITES 
B1: Nº | C1: Lim. Control Inferior | D1: Lim. Advert. Inferior | E1: Limite Central | F1: Lim. Advert. Superior | G1: Lim. Control Superior | I1: Nº | J1: T ºC (TCV) | K1: Nº | M1: Promedio TºC (TCV) | N1: Desviacion Standard
C2: LAI = LC-3*σ | D2: LCI = LC-2*σ | E2: LC | F2: LCS = LC+2*σ | G2: LAS = LC+3*σ
C3: =E$3-3*N$3 -> 21.232419 | D3: =E$3-2*N$3 -> 21.721613 | E3: =M3 -> 22.7 | F3: =E$3+2*N$3 -> 23.678387 | G3: =E$3+3*N$3 -> 24.167581 | M3: =AVERAGE(J4:J33) -> 22.7 | N3: =STDEV(J4:J33) -> 0.48919357
B4: 1 | C4: =E$3-3*N$3 -> 21.232419 | D4: =E$3-2*N$3 -> 21.721613 | E4: =M3 -> 22.7 | F4: =E$3+2*N$3 -> 23.678387 | G4: =E$3+3*N$3 -> 24.167581 | I4: 1 | J4: 23.1 | K4: 32
B5: 2 | C5: =E$3-3*N$3 -> 21.232419 | D5: =E$3-2*N$3 -> 21.721613 | E5: =M$3 -> 22.7 | F5: =E$3+2*N$3 -> 23.678387 | G5: =E$3+3*N$3 -> 24.167581 | I5: 2 | J5: 22.9 | K5: 33
B6: 3 | C6: =E$3-3*N$3 -> 21.232419 | D6: =E$3-2*N$3 -> 21.721613 | E6: =M$3 -> 22.7 | F6: =E$3+2*N$3 -> 23.678387 | G6: =E$3+3*N$3 -> 24.167581 | I6: 3 | J6: 23.1 | K6: 34
B7: 4 | C7: =E$3-3*N$3 -> 21.232419 | D7: =E$3-2*N$3 -> 21.721613 | E7: =M$3 -> 22.7 | F7: =E$3+2*N$3 -> 23.678387 | G7: =E$3+3*N$3 -> 24.167581 | I7: 4 | J7: 22.2 | K7: 35
B8: 5 | C8: =E$3-3*N$3 -> 21.232419 | D8: =E$3-2*N$3 -> 21.721613 | E8: =M$3 -> 22.7 | F8: =E$3+2*N$3 -> 23.678387 | G8: =E$3+3*N$3 -> 24.167581 | I8: 5 | J8: 22.1 | K8: 36
B9: 6 | C9: =E$3-3*N$3 -> 21.232419 | D9: =E$3-2*N$3 -> 21.721613 | E9: =M$3 -> 22.7 | F9: =E$3+2*N$3 -> 23.678387 | G9: =E$3+3*N$3 -> 24.167581 | I9: 6 | J9: 23.4 | K9: 37
B10: 7 | C10: =E$3-3*N$3 -> 21.232419 | D10: =E$3-2*N$3 -> 21.721613 | E10: =M$3 -> 22.7 | F10: =E$3+2*N$3 -> 23.678387 | G10: =E$3+3*N$3 -> 24.167581 | I10: 7 | J10: 22.8 | K10: 38
B11: 8 | C11: =E$3-3*N$3 -> 21.232419 | D11: =E$3-2*N$3 -> 21.721613 | E11: =M$3 -> 22.7 | F11: =E$3+2*N$3 -> 23.678387 | G11: =E$3+3*N$3 -> 24.167581 | I11: 8 | J11: 22.1 | K11: 39
B12: 9 | C12: =E$3-3*N$3 -> 21.232419 | D12: =E$3-2*N$3 -> 21.721613 | E12: =M$3 -> 22.7 | F12: =E$3+2*N$3 -> 23.678387 | G12: =E$3+3*N$3 -> 24.167581 | I12: 9 | J12: 23.1 | K12: 40
B13: 10 | C13: =E$3-3*N$3 -> 21.232419 | D13: =E$3-2*N$3 -> 21.721613 | E13: =M$3 -> 22.7 | F13: =E$3+2*N$3 -> 23.678387 | G13: =E$3+3*N$3 -> 24.167581 | I13: 10 | J13: 22.3 | K13: 41
B14: 11 | C14: =E$3-3*N$3 -> 21.232419 | D14: =E$3-2*N$3 -> 21.721613 | E14: =M$3 -> 22.7 | F14: =E$3+2*N$3 -> 23.678387 | G14: =E$3+3*N$3 -> 24.167581 | I14: 11 | J14: 22.2 | K14: 42
B15: 12 | C15: =E$3-3*N$3 -> 21.232419 | D15: =E$3-2*N$3 -> 21.721613 | E15: =M$3 -> 22.7 | F15: =E$3+2*N$3 -> 23.678387 | G15: =E$3+3*N$3 -> 24.167581 | I15: 12 | J15: 22.5 | K15: 43
B16: 13 | C16: =E$3-3*N$3 -> 21.232419 | D16: =E$3-2*N$3 -> 21.721613 | E16: =M$3 -> 22.7 | F16: =E$3+2*N$3 -> 23.678387 | G16: =E$3+3*N$3 -> 24.167581 | I16: 13 | J16: 21.9 | K16: 44
... B33: 30 | C33: =E$3-3*N$3 -> 21.232419 | D33: =E$3-2*N$3 -> 21.721613 | E33: =M$3 -> 22.7 | F33: =E$3+2*N$3 -> 23.678387 | G33: =E$3+3*N$3 -> 24.167581 | I33: 30 | J33: 22.6 | K33: 61

Sheet TCV HIGRÓMETRO TH-01
B2: Certificado Termohigrometro TH-01
B5: Indicación del Termometro | D5: TCV ( ºC ) | F5: Indicación del Termometro | H5: TCV ( ºC )
B8: 14 | D8: 15 | F8: 19.5 | H8: 20
B10: 15.2 | D10: x | F10: 45.1 | H10: x
B11: 19.5
B12: 19.5 | D12: 20 | F12: 29.1 | H12: 30
B14: 14 | D14: 15 | F14: 19.5 | H14: 20
B15: 14.1 | D15: =(($D$12*(B15-$B$8)/($B$12-B15))+$D$8)*1/(((B15-$B$8)/($B$12-B15))+1) -> 15.090909 | F15: 19.6 | H15: =(($H$12*(F15-$F$8)/($F$12-F15))+$H$8)*1/(((F15-$F$8)/($F$12-F15))+1) -> 20.104167
B16: 14.2 | D16: =(($D$12*(B16-$B$8)/($B$12-B16))+$D$8)*1/(((B16-$B$8)/($B$12-B16))+1) -> 15.181818 | F16: 19.7 | H16: =(($H$12*(F16-$F$8)/($F$12-F16))+$H$8)*1/(((F16-$F$8)/($F$12-F16))+1) -> 20.208333
B17: 14.3 | D17: =(($D$12*(B17-$B$8)/($B$12-B17))+$D$8)*1/(((B17-$B$8)/($B$12-B17))+1) -> 15.272727 | F17: 19.8 | H17: =(($H$12*(F17-$F$8)/($F$12-F17))+$H$8)*1/(((F17-$F$8)/($F$12-F17))+1) -> 20.3125
B18: 14.4 | D18: =(($D$12*(B18-$B$8)/($B$12-B18))+$D$8)*1/(((B18-$B$8)/($B$12-B18))+1) -> 15.363636 | F18: 19.9 | H18: =(($H$12*(F18-$F$8)/($F$12-F18))+$H$8)*1/(((F18-$F$8)/($F$12-F18))+1) -> 20.416667
B19: 14.5 | D19: =(($D$12*(B19-$B$8)/($B$12-B19))+$D$8)*1/(((B19-$B$8)/($B$12-B19))+1) -> 15.454545 | F19: 20 | H19: =(($H$12*(F19-$F$8)/($F$12-F19))+$H$8)*1/(((F19-$F$8)/($F$12-F19))+1) -> 20.520833
B20: 14.6 | D20: =(($D$12*(B20-$B$8)/($B$12-B20))+$D$8)*1/(((B20-$B$8)/($B$12-B20))+1) -> 15.545455 | F20: 20.1 | H20: =(($H$12*(F20-$F$8)/($F$12-F20))+$H$8)*1/(((F20-$F$8)/($F$12-F20))+1) -> 20.625
B21: 14.7 | D21: =(($D$12*(B21-$B$8)/($B$12-B21))+$D$8)*1/(((B21-$B$8)/($B$12-B21))+1) -> 15.636364 | F21: 20.2 | H21: =(($H$12*(F21-$F$8)/($F$12-F21))+$H$8)*1/(((F21-$F$8)/($F$12-F21))+1) -> 20.729167
B22: 14.8 | D22: =(($D$12*(B22-$B$8)/($B$12-B22))+$D$8)*1/(((B22-$B$8)/($B$12-B22))+1) -> 15.727273 | F22: 20.3 | H22: =(($H$12*(F22-$F$8)/($F$12-F22))+$H$8)*1/(((F22-$F$8)/($F$12-F22))+1) -> 20.833333
B23: 14.9 | D23: =(($D$12*(B23-$B$8)/($B$12-B23))+$D$8)*1/(((B23-$B$8)/($B$12-B23))+1) -> 15.818182 | F23: 20.4 | H23: =(($H$12*(F23-$F$8)/($F$12-F23))+$H$8)*1/(((F23-$F$8)/($F$12-F23))+1) -> 20.9375
B24: 15 | D24: =(($D$12*(B24-$B$8)/($B$12-B24))+$D$8)*1/(((B24-$B$8)/($B$12-B24))+1) -> 15.909091 | F24: 20.5 | H24: =(($H$12*(F24-$F$8)/($F$12-F24))+$H$8)*1/(((F24-$F$8)/($F$12-F24))+1) -> 21.041667
B25: 15.1 | D25: =(($D$12*(B25-$B$8)/($B$12-B25))+$D$8)*1/(((B25-$B$8)/($B$12-B25))+1) -> 16 | F25: 20.6 | H25: =(($H$12*(F25-$F$8)/($F$12-F25))+$H$8)*1/(((F25-$F$8)/($F$12-F25))+1) -> 21.145833
B26: 15.2 | D26: =(($D$12*(B26-$B$8)/($B$12-B26))+$D$8)*1/(((B26-$B$8)/($B$12-B26))+1) -> 16.090909 | F26: 20.7 | H26: =(($H$12*(F26-$F$8)/($F$12-F26))+$H$8)*1/(((F26-$F$8)/($F$12-F26))+1) -> 21.25
... B68: 19.4 | D68: =(($D$12*(B68-$B$8)/($B$12-B68))+$D$8)*1/(((B68-$B$8)/($B$12-B68))+1) -> 19.909091 | F68: 24.9 | H68: =(($H$12*(F68-$F$8)/($F$12-F68))+$H$8)*1/(((F68-$F$8)/($F$12-F68))+1) -> 25.625
B69: 19.5 | D69: 20 | F69: 25 | H69: =(($H$12*(F69-$F$8)/($F$12-F69))+$H$8)*1/(((F69-$F$8)/($F$12-F69))+1) -> 25.729167
F70: 25.1 | H70: =(($H$12*(F70-$F$8)/($F$12-F70))+$H$8)*1/(((F70-$F$8)/($F$12-F70))+1) -> 25.833333
F71: 25.2 | H71: =(($H$12*(F71-$F$8)/($F$12-F71))+$H$8)*1/(((F71-$F$8)/($F$12-F71))+1) -> 25.9375
F72: 25.3 | H72: =(($H$12*(F72-$F$8)/($F$12-F72))+$H$8)*1/(((F72-$F$8)/($F$12-F72))+1) -> 26.041667
F73: 25.4 | H73: =(($H$12*(F73-$F$8)/($F$12-F73))+$H$8)*1/(((F73-$F$8)/($F$12-F73))+1) -> 26.145833
F74: 25.5 | H74: =(($H$12*(F74-$F$8)/($F$12-F74))+$H$8)*1/(((F74-$F$8)/($F$12-F74))+1) -> 26.25
F75: 25.6 | H75: =(($H$12*(F75-$F$8)/($F$12-F75))+$H$8)*1/(((F75-$F$8)/($F$12-F75))+1) -> 26.354167
F76: 25.7 | H76: =(($H$12*(F76-$F$8)/($F$12-F76))+$H$8)*1/(((F76-$F$8)/($F$12-F76))+1) -> 26.458333
F77: 25.8 | H77: =(($H$12*(F77-$F$8)/($F$12-F77))+$H$8)*1/(((F77-$F$8)/($F$12-F77))+1) -> 26.5625
F78: 25.9 | H78: =(($H$12*(F78-$F$8)/($F$12-F78))+$H$8)*1/(((F78-$F$8)/($F$12-F78))+1) -> 26.666667
F79: 26 | H79: =(($H$12*(F79-$F$8)/($F$12-F79))+$H$8)*1/(((F79-$F$8)/($F$12-F79))+1) -> 26.770833
F80: 26.1 | H80: =(($H$12*(F80-$F$8)/($F$12-F80))+$H$8)*1/(((F80-$F$8)/($F$12-F80))+1) -> 26.875
F81: 26.2 | H81: =(($H$12*(F81-$F$8)/($F$12-F81))+$H$8)*1/(((F81-$F$8)/($F$12-F81))+1) -> 26.979167
... F110: 29.1 | H110: =(($H$12*(F110-$F$8)/($F$12-F110))+$H$8)*1/(((F110-$F$8)/($F$12-F110))+1) -> 30
